Slug,Marchand,Domaine,Categorie,Prio,Lot,Volume,Plateformes,Score,Note
auchan,Auchan,auchan.fr,Alimentaire & courses,P1,L3a,,,0,
carrefour,Carrefour,carrefour.fr,Alimentaire & courses,P1,L3a,,,0,
hellofresh,HelloFresh,hellofresh.fr,Alimentaire & courses,P1,L3a,,,0,Prime fixe nouveaux clients
e-leclerc,E.Leclerc,e.leclerc,Alimentaire & courses,P2,L3b,,,0,
intermarche,Intermarché,intermarche.com,Alimentaire & courses,P2,L3b,,,0,
maxicoffee,MaxiCoffee,maxicoffee.com,Alimentaire & courses,P2,L3b,,,0,
monoprix,Monoprix,monoprix.fr,Alimentaire & courses,P2,L3b,,,0,
picard,Picard,picard.fr,Alimentaire & courses,P2,L3b,,,0,
quitoque,Quitoque,quitoque.fr,Alimentaire & courses,P2,L3b,,,0,
casino,Casino,casino.fr,Alimentaire & courses,P3,L3c,,,0,
cora,Cora,cora.fr,Alimentaire & courses,P3,L3c,,,0,
franprix,Franprix,franprix.fr,Alimentaire & courses,P3,L3c,,,0,
la-belle-vie,La Belle Vie,labellevie.com,Alimentaire & courses,P3,L3c,,,0,
millesima,Millésima,millesima.fr,Alimentaire & courses,P3,L3c,,,0,
nicolas,Nicolas,nicolas.com,Alimentaire & courses,P3,L3c,,,0,
twil,Twil,twil.fr,Alimentaire & courses,P3,L3c,,,0,
vinatis,Vinatis,vinatis.com,Alimentaire & courses,P3,L3c,,,0,
idealwine,iDealwine,idealwine.com,Alimentaire & courses,P3,L3c,,,0,
zooplus,Zooplus,zooplus.fr,Animalerie,P1,L3a,,,0,
maxi-zoo,Maxi Zoo,maxizoo.fr,Animalerie,P2,L3b,,,0,
wanimo,Wanimo,wanimo.com,Animalerie,P2,L3b,,,0,
animalis,Animalis,animalis.com,Animalerie,P3,L3c,,,0,
bitiba,Bitiba,bitiba.fr,Animalerie,P3,L3c,,,0,
croquetteland,Croquetteland,croquetteland.com,Animalerie,P3,L3c,,,0,
ultra-premium-direct,Ultra Premium Direct,ultrapremiumdirect.com,Animalerie,P3,L3c,,,0,
norauto,Norauto,norauto.fr,Auto & moto,P1,L3a,,,0,
oscaro,Oscaro,oscaro.com,Auto & moto,P1,L3a,,,0,
allopneus,Allopneus,allopneus.com,Auto & moto,P2,L3b,,,0,
autodoc,Autodoc,autodoc.fr,Auto & moto,P2,L3b,,,0,
feu-vert,Feu Vert,feuvert.fr,Auto & moto,P2,L3b,,,0,
mister-auto,Mister Auto,mister-auto.com,Auto & moto,P2,L3b,,,0,
motoblouz,Motoblouz,motoblouz.com,Auto & moto,P2,L3b,,,0,
1001pneus,1001Pneus,1001pneus.fr,Auto & moto,P3,L3c,,,0,
carter-cash,Carter-Cash,carter-cash.com,Auto & moto,P3,L3c,,,0,
dafy-moto,Dafy Moto,dafy-moto.com,Auto & moto,P3,L3c,,,0,
midas,Midas,midas.fr,Auto & moto,P3,L3c,,,0,
speedy,Speedy,speedy.fr,Auto & moto,P3,L3c,,,0,
yakarouler,Yakarouler,yakarouler.com,Auto & moto,P3,L3c,,,0,
marionnaud,Marionnaud,marionnaud.fr,Beauté & parfum,P1,L3a,,,0,
nocibe,Nocibé,nocibe.fr,Beauté & parfum,P1,L3a,,,0,
notino,Notino,notino.fr,Beauté & parfum,P1,L3a,,,0,
sephora,Sephora,sephora.fr,Beauté & parfum,P1,L3a,,,0,
yves-rocher,Yves Rocher,yves-rocher.fr,Beauté & parfum,P1,L3a,,,0,
beaute-privee,Beauté Privée,beauteprivee.fr,Beauté & parfum,P2,L3b,,,0,
douglas,Douglas,douglas.fr,Beauté & parfum,P2,L3b,,,0,
kiko-milano,Kiko Milano,kikocosmetics.com,Beauté & parfum,P2,L3b,,,0,
l-occitane,L'Occitane,loccitane.com,Beauté & parfum,P2,L3b,,,0,
look-fantastic,Look Fantastic,lookfantastic.fr,Beauté & parfum,P2,L3b,,,0,
rituals,Rituals,rituals.com,Beauté & parfum,P2,L3b,,,0,
aroma-zone,Aroma-Zone,aroma-zone.com,Beauté & parfum,P3,L3c,,,0,
avene,Avène,eau-thermale-avene.fr,Beauté & parfum,P3,L3c,,,0,
bioderma,Bioderma,bioderma.fr,Beauté & parfum,P3,L3c,,,0,
caudalie,Caudalie,fr.caudalie.com,Beauté & parfum,P3,L3c,,,0,
clarins,Clarins,clarins.fr,Beauté & parfum,P3,L3c,,,0,
estee-lauder,Estée Lauder,esteelauder.fr,Beauté & parfum,P3,L3c,,,0,
filorga,Filorga,filorga.com,Beauté & parfum,P3,L3c,,,0,
guerlain,Guerlain,guerlain.com,Beauté & parfum,P3,L3c,,,0,
la-roche-posay,La Roche-Posay,laroche-posay.fr,Beauté & parfum,P3,L3c,,,0,
lancome,Lancôme,lancome.fr,Beauté & parfum,P3,L3c,,,0,
lush,Lush,lush.com,Beauté & parfum,P3,L3c,,,0,
maybelline,Maybelline,maybelline.fr,Beauté & parfum,P3,L3c,,,0,
nuxe,Nuxe,nuxe.com,Beauté & parfum,P3,L3c,,,0,
origines-parfums,Origines Parfums,origines-parfums.com,Beauté & parfum,P3,L3c,,,0,
parfumdo,Parfumdo,parfumdo.com,Beauté & parfum,P3,L3c,,,0,
shiseido,Shiseido,shiseido.fr,Beauté & parfum,P3,L3c,,,0,
the-body-shop,The Body Shop,thebodyshop.com,Beauté & parfum,P3,L3c,,,0,
vichy,Vichy,vichy.fr,Beauté & parfum,P3,L3c,,,0,
histoire-d-or,Histoire d'Or,histoiredor.com,Bijouterie & montres,P2,L3b,,,0,
pandora,Pandora,fr.pandora.net,Bijouterie & montres,P2,L3b,,,0,
swarovski,Swarovski,swarovski.com,Bijouterie & montres,P2,L3b,,,0,
cleor,Cleor,cleor.com,Bijouterie & montres,P3,L3c,,,0,
cluse,Cluse,cluse.com,Bijouterie & montres,P3,L3c,,,0,
daniel-wellington,Daniel Wellington,danielwellington.com,Bijouterie & montres,P3,L3c,,,0,
fossil,Fossil,fossil.com,Bijouterie & montres,P3,L3c,,,0,
ice-watch,Ice-Watch,ice-watch.com,Bijouterie & montres,P3,L3c,,,0,
marc-orian,Marc Orian,marc-orian.com,Bijouterie & montres,P3,L3c,,,0,
maty,Maty,maty.com,Bijouterie & montres,P3,L3c,,,0,
castorama,Castorama,castorama.fr,Bricolage & jardin,P1,L3a,,,0,
leroy-merlin,Leroy Merlin,leroymerlin.fr,Bricolage & jardin,P1,L3a,,,0,
manomano,ManoMano,manomano.fr,Bricolage & jardin,P1,L3a,,,0,
brico-depot,Brico Dépôt,bricodepot.fr,Bricolage & jardin,P2,L3b,,,0,
bricomarche,Bricomarché,bricomarche.com,Bricolage & jardin,P2,L3b,,,0,
jardiland,Jardiland,jardiland.com,Bricolage & jardin,P2,L3b,,,0,
truffaut,Truffaut,truffaut.com,Bricolage & jardin,P2,L3b,,,0,
bakker,Bakker,bakker.com,Bricolage & jardin,P3,L3c,,,0,
botanic,Botanic,botanic.com,Bricolage & jardin,P3,L3c,,,0,
gamm-vert,Gamm Vert,gammvert.fr,Bricolage & jardin,P3,L3c,,,0,
mr-bricolage,Mr Bricolage,mr-bricolage.fr,Bricolage & jardin,P3,L3c,,,0,
promesse-de-fleurs,Promesse de Fleurs,promessedefleurs.com,Bricolage & jardin,P3,L3c,,,0,
weldom,Weldom,weldom.fr,Bricolage & jardin,P3,L3c,,,0,
willemse,Willemse,willemsefrance.fr,Bricolage & jardin,P3,L3c,,,0,
bureau-vallee,Bureau Vallée,bureau-vallee.fr,Bureau & fournitures,P3,L3c,,,0,
jpg,JPG,jpg.fr,Bureau & fournitures,P3,L3c,,,0,
lyreco,Lyreco,lyreco.fr,Bureau & fournitures,P3,L3c,,,0,
manutan,Manutan,manutan.fr,Bureau & fournitures,P3,L3c,,,0,
raja,Raja,raja.fr,Bureau & fournitures,P3,L3c,,,0,
top-office,Top Office,top-office.com,Bureau & fournitures,P3,L3c,,,0,
viking,Viking,viking-direct.fr,Bureau & fournitures,P3,L3c,,,0,
rakuten,Rakuten,fr.shopping.rakuten.com,Culture & loisirs,P1,L3a,,,0,
cultura,Cultura,cultura.com,Culture & loisirs,P2,L3b,,,0,
instant-gaming,Instant Gaming,instant-gaming.com,Culture & loisirs,P2,L3b,,,0,
micromania,Micromania,micromania.fr,Culture & loisirs,P2,L3b,,,0,
ebay,eBay,ebay.fr,Culture & loisirs,P2,L3b,,,0,
audible,Audible,audible.fr,Culture & loisirs,P3,L3c,,,0,
decitre,Decitre,decitre.fr,Culture & loisirs,P3,L3c,,,0,
eneba,Eneba,eneba.com,Culture & loisirs,P3,L3c,,,0,
fnac-spectacles,Fnac Spectacles,fnacspectacles.com,Culture & loisirs,P3,L3c,,,0,
momox,Momox,momox-shop.fr,Culture & loisirs,P3,L3c,,,0,
nintendo,Nintendo,nintendo.fr,Culture & loisirs,P3,L3c,,,0,
playstation-store,PlayStation Store,store.playstation.com,Culture & loisirs,P3,L3c,,,0,
ticketmaster,Ticketmaster,ticketmaster.fr,Culture & loisirs,P3,L3c,,,0,
ubisoft-store,Ubisoft Store,store.ubisoft.com,Culture & loisirs,P3,L3c,,,0,
aubert,Aubert,aubert.com,Enfant & puériculture,P2,L3b,,,0,
du-pareil-au-meme,Du Pareil au Même,dpam.com,Enfant & puériculture,P2,L3b,,,0,
joueclub,JouéClub,joueclub.fr,Enfant & puériculture,P2,L3b,,,0,
king-jouet,King Jouet,king-jouet.com,Enfant & puériculture,P2,L3b,,,0,
lego,Lego,lego.com,Enfant & puériculture,P2,L3b,,,0,
okaidi,Okaïdi,okaidi.fr,Enfant & puériculture,P2,L3b,,,0,
sergent-major,Sergent Major,sergent-major.com,Enfant & puériculture,P2,L3b,,,0,
allobebe,Allobébé,allobebe.fr,Enfant & puériculture,P3,L3c,,,0,
berceau-magique,Berceau Magique,berceaumagique.com,Enfant & puériculture,P3,L3c,,,0,
bebe9,Bébé9,bebe9.com,Enfant & puériculture,P3,L3c,,,0,
jacadi,Jacadi,jacadi.fr,Enfant & puériculture,P3,L3c,,,0,
la-grande-recre,La Grande Récré,lagranderecre.fr,Enfant & puériculture,P3,L3c,,,0,
orchestra,Orchestra,orchestra.fr,Enfant & puériculture,P3,L3c,,,0,
oxybul,Oxybul,oxybul.com,Enfant & puériculture,P3,L3c,,,0,
petit-bateau,Petit Bateau,petit-bateau.fr,Enfant & puériculture,P3,L3c,,,0,
smyths-toys,Smyths Toys,smythstoys.com,Enfant & puériculture,P3,L3c,,,0,
aliexpress,AliExpress,aliexpress.com,Généralistes & marketplaces,P1,L3a,,,0,
amazon,Amazon,amazon.fr,Généralistes & marketplaces,P1,L3a,,,0,Absent des plateformes de cashback FR — page à angle « alternatives »
cdiscount,Cdiscount,cdiscount.com,Généralistes & marketplaces,P1,L3a,,,0,Marketplace exclue du taux
temu,Temu,temu.com,Généralistes & marketplaces,P1,L3a,,,0,
etsy,Etsy,etsy.com,Généralistes & marketplaces,P2,L3b,,,0,
groupon,Groupon,groupon.fr,Généralistes & marketplaces,P2,L3b,,,0,
3-suisses,3 Suisses,3suisses.fr,Généralistes & marketplaces,P3,L3c,,,0,
wish,Wish,wish.com,Généralistes & marketplaces,P3,L3c,,,0,
back-market,Back Market,backmarket.fr,High-tech & électroménager,P1,L3a,,,0,
boulanger,Boulanger,boulanger.com,High-tech & électroménager,P1,L3a,,,0,
darty,Darty,darty.com,High-tech & électroménager,P1,L3a,,,0,
fnac,Fnac,fnac.com,High-tech & électroménager,P1,L3a,,,0,"Taux différencié par catégorie, marketplace exclue"
ldlc,LDLC,ldlc.com,High-tech & électroménager,P1,L3a,,,0,
samsung,Samsung,samsung.com,High-tech & électroménager,P1,L3a,,,0,
apple,Apple,apple.com,High-tech & électroménager,P2,L3b,,,0,"Taux très faible, souvent hors cashback"
dell,Dell,dell.com,High-tech & électroménager,P2,L3b,,,0,
dyson,Dyson,dyson.fr,High-tech & électroménager,P2,L3b,,,0,
electro-depot,Electro Dépôt,electrodepot.fr,High-tech & électroménager,P2,L3b,,,0,
hp,HP,hp.com,High-tech & électroménager,P2,L3b,,,0,
lenovo,Lenovo,lenovo.com,High-tech & électroménager,P2,L3b,,,0,
materiel-net,Materiel.net,materiel.net,High-tech & électroménager,P2,L3b,,,0,
nespresso,Nespresso,nespresso.com,High-tech & électroménager,P2,L3b,,,0,
rue-du-commerce,Rue du Commerce,rueducommerce.fr,High-tech & électroménager,P2,L3b,,,0,
topachat,TopAchat,topachat.com,High-tech & électroménager,P2,L3b,,,0,
ubaldi,Ubaldi,ubaldi.com,High-tech & électroménager,P2,L3b,,,0,
xiaomi,Xiaomi,mi.com,High-tech & électroménager,P2,L3b,,,0,
acer,Acer,acer.com,High-tech & électroménager,P3,L3c,,,0,
anker,Anker,anker.com,High-tech & électroménager,P3,L3c,,,0,
asus,Asus,asus.com,High-tech & électroménager,P3,L3c,,,0,
bosch-electromenager,Bosch Electromenager,bosch-home.fr,High-tech & électroménager,P3,L3c,,,0,
bose,Bose,bose.fr,High-tech & électroménager,P3,L3c,,,0,
certideal,CertiDeal,certideal.com,High-tech & électroménager,P3,L3c,,,0,
corsair,Corsair,corsair.com,High-tech & électroménager,P3,L3c,,,0,
cybertek,Cybertek,cybertek.fr,High-tech & électroménager,P3,L3c,,,0,
dji,DJI,dji.com,High-tech & électroménager,P3,L3c,,,0,
de-longhi,De'Longhi,delonghi.com,High-tech & électroménager,P3,L3c,,,0,
garmin,Garmin,garmin.com,High-tech & électroménager,P3,L3c,,,0,
gopro,GoPro,gopro.com,High-tech & électroménager,P3,L3c,,,0,
grosbill,GrosBill,grosbill.fr,High-tech & électroménager,P3,L3c,,,0,
huawei,Huawei,huawei.com,High-tech & électroménager,P3,L3c,,,0,
jbl,JBL,jbl.com,High-tech & électroménager,P3,L3c,,,0,
krups,Krups,krups.fr,High-tech & électroménager,P3,L3c,,,0,
lg,LG,lg.com,High-tech & électroménager,P3,L3c,,,0,
logitech,Logitech,logitech.com,High-tech & électroménager,P3,L3c,,,0,
moulinex,Moulinex,moulinex.fr,High-tech & électroménager,P3,L3c,,,0,
oppo,Oppo,oppo.com,High-tech & électroménager,P3,L3c,,,0,
philips,Philips,philips.fr,High-tech & électroménager,P3,L3c,,,0,
razer,Razer,razer.com,High-tech & électroménager,P3,L3c,,,0,
recommerce,Recommerce,recommerce.com,High-tech & électroménager,P3,L3c,,,0,
rowenta,Rowenta,rowenta.fr,High-tech & électroménager,P3,L3c,,,0,
son-video,Son-Vidéo,son-video.com,High-tech & électroménager,P3,L3c,,,0,
sonos,Sonos,sonos.com,High-tech & électroménager,P3,L3c,,,0,
sony,Sony,sony.fr,High-tech & électroménager,P3,L3c,,,0,
tefal,Tefal,tefal.fr,High-tech & électroménager,P3,L3c,,,0,
vistaprint,Vistaprint,vistaprint.fr,Impression & photo,P1,L3a,,,0,
cheerz,Cheerz,cheerz.com,Impression & photo,P2,L3b,,,0,
photobox,Photobox,photobox.fr,Impression & photo,P2,L3b,,,0,
flexilivre,Flexilivre,flexilivre.com,Impression & photo,P3,L3c,,,0,
helloprint,Helloprint,helloprint.fr,Impression & photo,P3,L3c,,,0,
onlineprinters,Onlineprinters,onlineprinters.fr,Impression & photo,P3,L3c,,,0,
photoweb,Photoweb,photoweb.fr,Impression & photo,P3,L3c,,,0,
pixum,Pixum,pixum.fr,Impression & photo,P3,L3c,,,0,
saal-digital,Saal Digital,saal-digital.fr,Impression & photo,P3,L3c,,,0,
snapfish,Snapfish,snapfish.fr,Impression & photo,P3,L3c,,,0,
but,But,but.fr,"Maison, déco & meuble",P1,L3a,,,0,
conforama,Conforama,conforama.fr,"Maison, déco & meuble",P1,L3a,,,0,
emma-matelas,Emma Matelas,emma-matelas.fr,"Maison, déco & meuble",P1,L3a,,,0,
ikea,Ikea,ikea.com,"Maison, déco & meuble",P1,L3a,,,0,"Absent de plusieurs plateformes, à vérifier"
maisons-du-monde,Maisons du Monde,maisonsdumonde.com,"Maison, déco & meuble",P1,L3a,,,0,
alinea,Alinéa,alinea.com,"Maison, déco & meuble",P2,L3b,,,0,
gifi,Gifi,gifi.fr,"Maison, déco & meuble",P2,L3b,,,0,
tediber,Tediber,tediber.com,"Maison, déco & meuble",P2,L3b,,,0,
vente-unique,Vente-unique,vente-unique.com,"Maison, déco & meuble",P2,L3b,,,0,
westwing,Westwing,westwing.fr,"Maison, déco & meuble",P2,L3b,,,0,
am-pm,AM.PM,ampm.fr,"Maison, déco & meuble",P3,L3c,,,0,
camif,Camif,camif.fr,"Maison, déco & meuble",P3,L3c,,,0,
casa,Casa,casashops.com,"Maison, déco & meuble",P3,L3c,,,0,
centrakor,Centrakor,centrakor.com,"Maison, déco & meuble",P3,L3c,,,0,
delamaison,Delamaison,delamaison.fr,"Maison, déco & meuble",P3,L3c,,,0,
drawer,Drawer,drawer.fr,"Maison, déco & meuble",P3,L3c,,,0,
habitat,Habitat,habitat.fr,"Maison, déco & meuble",P3,L3c,,,0,
hypnia,Hypnia,hypnia.fr,"Maison, déco & meuble",P3,L3c,,,0,
kave-home,Kave Home,kavehome.com,"Maison, déco & meuble",P3,L3c,,,0,
miliboo,Miliboo,miliboo.com,"Maison, déco & meuble",P3,L3c,,,0,
sklum,Sklum,sklum.com,"Maison, déco & meuble",P3,L3c,,,0,
adidas,Adidas,adidas.fr,Mode & accessoires,P1,L3a,,,0,
kiabi,Kiabi,kiabi.com,Mode & accessoires,P1,L3a,,,0,
la-redoute,La Redoute,laredoute.fr,Mode & accessoires,P1,L3a,,,0,Taux différencié marketplace
nike,Nike,nike.com,Mode & accessoires,P1,L3a,,,0,Programme d'affiliation restreint selon les périodes
sarenza,Sarenza,sarenza.com,Mode & accessoires,P1,L3a,,,0,
shein,Shein,shein.com,Mode & accessoires,P1,L3a,,,0,Exclusions fréquentes sur les soldes
showroomprive,Showroomprivé,showroomprive.com,Mode & accessoires,P1,L3a,,,0,
spartoo,Spartoo,spartoo.com,Mode & accessoires,P1,L3a,,,0,
veepee,Veepee,veepee.fr,Mode & accessoires,P1,L3a,,,0,"Ventes privées, conditions spécifiques"
zalando,Zalando,zalando.fr,Mode & accessoires,P1,L3a,,,0,
asos,ASOS,asos.com,Mode & accessoires,P2,L3b,,,0,
asics,Asics,asics.com,Mode & accessoires,P2,L3b,,,0,
brandalley,BrandAlley,brandalley.fr,Mode & accessoires,P2,L3b,,,0,
calvin-klein,Calvin Klein,calvinklein.fr,Mode & accessoires,P2,L3b,,,0,
celio,Celio,celio.com,Mode & accessoires,P2,L3b,,,0,
courir,Courir,courir.com,Mode & accessoires,P2,L3b,,,0,
etam,Etam,etam.com,Mode & accessoires,P2,L3b,,,0,
foot-locker,Foot Locker,footlocker.fr,Mode & accessoires,P2,L3b,,,0,
h-m,H&M,hm.com,Mode & accessoires,P2,L3b,,,0,
jd-sports,JD Sports,jdsports.fr,Mode & accessoires,P2,L3b,,,0,
jules,Jules,jules.com,Mode & accessoires,P2,L3b,,,0,
lacoste,Lacoste,lacoste.com,Mode & accessoires,P2,L3b,,,0,
levi-s,Levi's,levi.com,Mode & accessoires,P2,L3b,,,0,
mango,Mango,shop.mango.com,Mode & accessoires,P2,L3b,,,0,
new-balance,New Balance,newbalance.fr,Mode & accessoires,P2,L3b,,,0,
private-sport-shop,Private Sport Shop,privatesportshop.fr,Mode & accessoires,P2,L3b,,,0,
promod,Promod,promod.fr,Mode & accessoires,P2,L3b,,,0,
puma,Puma,fr.puma.com,Mode & accessoires,P2,L3b,,,0,
sandro,Sandro,sandro-paris.com,Mode & accessoires,P2,L3b,,,0,
tommy-hilfiger,Tommy Hilfiger,fr.tommy.com,Mode & accessoires,P2,L3b,,,0,
vertbaudet,Vertbaudet,vertbaudet.fr,Mode & accessoires,P2,L3b,,,0,
andre,André,andre.fr,Mode & accessoires,P3,L3c,,,0,
ba-sh,Ba&sh,ba-sh.com,Mode & accessoires,P3,L3c,,,0,
birkenstock,Birkenstock,birkenstock.com,Mode & accessoires,P3,L3c,,,0,
bocage,Bocage,bocage.fr,Mode & accessoires,P3,L3c,,,0,
claudie-pierlot,Claudie Pierlot,claudiepierlot.com,Mode & accessoires,P3,L3c,,,0,
comptoir-des-cotonniers,Comptoir des Cotonniers,comptoirdescotonniers.com,Mode & accessoires,P3,L3c,,,0,
converse,Converse,converse.fr,Mode & accessoires,P3,L3c,,,0,
crocs,Crocs,crocs.fr,Mode & accessoires,P3,L3c,,,0,
darjeeling,Darjeeling,darjeeling.fr,Mode & accessoires,P3,L3c,,,0,
desigual,Desigual,desigual.com,Mode & accessoires,P3,L3c,,,0,
dr-martens,Dr. Martens,drmartens.com,Mode & accessoires,P3,L3c,,,0,
eram,Eram,eram.fr,Mode & accessoires,P3,L3c,,,0,
guess,Guess,guess.eu,Mode & accessoires,P3,L3c,,,0,
hunkemoller,Hunkemöller,hunkemoller.fr,Mode & accessoires,P3,L3c,,,0,
ikks,IKKS,ikks.com,Mode & accessoires,P3,L3c,,,0,
jennyfer,Jennyfer,jennyfer.com,Mode & accessoires,P3,L3c,,,0,
maje,Maje,maje.com,Mode & accessoires,P3,L3c,,,0,
minelli,Minelli,minelli.fr,Mode & accessoires,P3,L3c,,,0,
naf-naf,Naf Naf,nafnaf.com,Mode & accessoires,P3,L3c,,,0,
pimkie,Pimkie,pimkie.fr,Mode & accessoires,P3,L3c,,,0,
place-des-tendances,Place des Tendances,placedestendances.com,Mode & accessoires,P3,L3c,,,0,
reebok,Reebok,reebok.fr,Mode & accessoires,P3,L3c,,,0,
snipes,Snipes,snipes.fr,Mode & accessoires,P3,L3c,,,0,
superdry,Superdry,superdry.com,Mode & accessoires,P3,L3c,,,0,
the-bradery,The Bradery,thebradery.com,Mode & accessoires,P3,L3c,,,0,
the-kooples,The Kooples,thekooples.fr,Mode & accessoires,P3,L3c,,,0,
timberland,Timberland,timberland.fr,Mode & accessoires,P3,L3c,,,0,
undiz,Undiz,undiz.com,Mode & accessoires,P3,L3c,,,0,
uniqlo,Uniqlo,uniqlo.com,Mode & accessoires,P3,L3c,,,0,
vans,Vans,vans.fr,Mode & accessoires,P3,L3c,,,0,
alain-afflelou,Alain Afflelou,alainafflelou.com,Santé & optique,P2,L3b,,,0,
cocooncenter,Cocooncenter,cocooncenter.com,Santé & optique,P2,L3b,,,0,
newpharma,Newpharma,newpharma.fr,Santé & optique,P2,L3b,,,0,
pharma-gdd,Pharma GDD,pharma-gdd.com,Santé & optique,P2,L3b,,,0,
1001pharmacies,1001Pharmacies,1001pharmacies.com,Santé & optique,P3,L3c,,,0,
easylunettes,EasyLunettes,easy-lunettes.fr,Santé & optique,P3,L3c,,,0,
krys,Krys,krys.com,Santé & optique,P3,L3c,,,0,
lentilles-moins-cheres,Lentilles Moins Chères,lentillesmoinscheres.com,Santé & optique,P3,L3c,,,0,
optical-center,Optical Center,optical-center.fr,Santé & optique,P3,L3c,,,0,
santediscount,Santédiscount,santediscount.com,Santé & optique,P3,L3c,,,0,
sensee,Sensée,sensee.com,Santé & optique,P3,L3c,,,0,
vision-direct,Vision Direct,visiondirect.fr,Santé & optique,P3,L3c,,,0,
decathlon,Decathlon,decathlon.fr,Sport & outdoor,P1,L3a,,,0,
intersport,Intersport,intersport.fr,Sport & outdoor,P1,L3a,,,0,
alltricks,Alltricks,alltricks.fr,Sport & outdoor,P2,L3b,,,0,
go-sport,Go Sport,go-sport.com,Sport & outdoor,P2,L3b,,,0,
au-vieux-campeur,Au Vieux Campeur,auvieuxcampeur.fr,Sport & outdoor,P3,L3c,,,0,
columbia,Columbia,columbia.com,Sport & outdoor,P3,L3c,,,0,
ekosport,Ekosport,ekosport.fr,Sport & outdoor,P3,L3c,,,0,
hardloop,Hardloop,hardloop.fr,Sport & outdoor,P3,L3c,,,0,
millet,Millet,millet.fr,Sport & outdoor,P3,L3c,,,0,
probikeshop,Probikeshop,probikeshop.fr,Sport & outdoor,P3,L3c,,,0,
salomon,Salomon,salomon.com,Sport & outdoor,P3,L3c,,,0,
snowleader,Snowleader,snowleader.com,Sport & outdoor,P3,L3c,,,0,
sport-2000,Sport 2000,sport2000.fr,Sport & outdoor,P3,L3c,,,0,
the-north-face,The North Face,thenorthface.fr,Sport & outdoor,P3,L3c,,,0,
i-run,i-Run,i-run.fr,Sport & outdoor,P3,L3c,,,0,
boursobank,BoursoBank,boursobank.com,"Télécom, énergie & finance",P1,L3a,,,0,"Prime fixe élevée, ouverture de compte"
fortuneo,Fortuneo,fortuneo.fr,"Télécom, énergie & finance",P1,L3a,,,0,Prime fixe élevée
bouygues-telecom,Bouygues Telecom,bouyguestelecom.fr,"Télécom, énergie & finance",P2,L3b,,,0,Montant fixe
cofidis,Cofidis,cofidis.fr,"Télécom, énergie & finance",P2,L3b,,,0,
hello-bank,Hello bank!,hellobank.fr,"Télécom, énergie & finance",P2,L3b,,,0,
monabanq,Monabanq,monabanq.com,"Télécom, énergie & finance",P2,L3b,,,0,
n26,N26,n26.com,"Télécom, énergie & finance",P2,L3b,,,0,
orange,Orange,orange.fr,"Télécom, énergie & finance",P2,L3b,,,0,"Montant fixe, souscription uniquement"
red-by-sfr,RED by SFR,red-by-sfr.fr,"Télécom, énergie & finance",P2,L3b,,,0,
revolut,Revolut,revolut.com,"Télécom, énergie & finance",P2,L3b,,,0,
sfr,SFR,sfr.fr,"Télécom, énergie & finance",P2,L3b,,,0,Montant fixe
acheel,Acheel,acheel.com,"Télécom, énergie & finance",P3,L3c,,,0,
direct-assurance,Direct Assurance,direct-assurance.fr,"Télécom, énergie & finance",P3,L3c,,,0,
ekwateur,Ekwateur,ekwateur.fr,"Télécom, énergie & finance",P3,L3c,,,0,
engie,Engie,engie.fr,"Télécom, énergie & finance",P3,L3c,,,0,
floa,Floa,floabank.fr,"Télécom, énergie & finance",P3,L3c,,,0,
free,Free,free.fr,"Télécom, énergie & finance",P3,L3c,,,0,
la-poste-mobile,La Poste Mobile,lapostemobile.fr,"Télécom, énergie & finance",P3,L3c,,,0,
leocare,Leocare,leocare.eu,"Télécom, énergie & finance",P3,L3c,,,0,
prixtel,Prixtel,prixtel.com,"Télécom, énergie & finance",P3,L3c,,,0,
sosh,Sosh,sosh.fr,"Télécom, énergie & finance",P3,L3c,,,0,
totalenergies,TotalEnergies,totalenergies.fr,"Télécom, énergie & finance",P3,L3c,,,0,
booking-com,Booking.com,booking.com,Voyage & transport,P1,L3a,,,0,"Validation longue, après séjour effectué"
center-parcs,Center Parcs,centerparcs.fr,Voyage & transport,P1,L3a,,,0,
expedia,Expedia,expedia.fr,Voyage & transport,P1,L3a,,,0,
pierre-vacances,Pierre & Vacances,pierreetvacances.com,Voyage & transport,P1,L3a,,,0,
abritel,Abritel,abritel.fr,Voyage & transport,P2,L3b,,,0,
accor-all,Accor / ALL,all.accor.com,Voyage & transport,P2,L3b,,,0,
agoda,Agoda,agoda.com,Voyage & transport,P2,L3b,,,0,
air-france,Air France,airfrance.fr,Voyage & transport,P2,L3b,,,0,
airbnb,Airbnb,airbnb.fr,Voyage & transport,P2,L3b,,,0,Souvent nouveaux clients uniquement
belambra,Belambra,belambra.fr,Voyage & transport,P2,L3b,,,0,
blablacar,BlaBlaCar,blablacar.fr,Voyage & transport,P2,L3b,,,0,
club-med,Club Med,clubmed.fr,Voyage & transport,P2,L3b,,,0,
disneyland-paris,Disneyland Paris,disneylandparis.com,Voyage & transport,P2,L3b,,,0,
europcar,Europcar,europcar.fr,Voyage & transport,P2,L3b,,,0,
getyourguide,GetYourGuide,getyourguide.fr,Voyage & transport,P2,L3b,,,0,
hotels-com,Hotels.com,hotels.com,Voyage & transport,P2,L3b,,,0,
lastminute,Lastminute,fr.lastminute.com,Voyage & transport,P2,L3b,,,0,
opodo,Opodo,opodo.fr,Voyage & transport,P2,L3b,,,0,
rentalcars,Rentalcars,rentalcars.com,Voyage & transport,P2,L3b,,,0,
sncf-connect,SNCF Connect,sncf-connect.com,Voyage & transport,P2,L3b,,,0,
tui,TUI,tui.fr,Voyage & transport,P2,L3b,,,0,
trainline,Trainline,thetrainline.com,Voyage & transport,P2,L3b,,,0,
edreams,eDreams,edreams.fr,Voyage & transport,P2,L3b,,,0,
avis,Avis,avis.fr,Voyage & transport,P3,L3c,,,0,
carrefour-voyages,Carrefour Voyages,voyages.carrefour.fr,Voyage & transport,P3,L3c,,,0,
civitatis,Civitatis,civitatis.com,Voyage & transport,P3,L3c,,,0,
e-leclerc-voyages,E.Leclerc Voyages,leclercvoyages.com,Voyage & transport,P3,L3c,,,0,
flixbus,FlixBus,flixbus.fr,Voyage & transport,P3,L3c,,,0,
fram,Fram,fram.fr,Voyage & transport,P3,L3c,,,0,
futuroscope,Futuroscope,futuroscope.com,Voyage & transport,P3,L3c,,,0,
hertz,Hertz,hertz.fr,Voyage & transport,P3,L3c,,,0,
maeva,Maeva,maeva.com,Voyage & transport,P3,L3c,,,0,
odalys,Odalys,odalys-vacances.com,Voyage & transport,P3,L3c,,,0,
parc-asterix,Parc Astérix,parcasterix.fr,Voyage & transport,P3,L3c,,,0,
promovacances,Promovacances,promovacances.com,Voyage & transport,P3,L3c,,,0,
puy-du-fou,Puy du Fou,puydufou.com,Voyage & transport,P3,L3c,,,0,
sixt,Sixt,sixt.fr,Voyage & transport,P3,L3c,,,0,
tiqets,Tiqets,tiqets.com,Voyage & transport,P3,L3c,,,0,
transavia,Transavia,transavia.com,Voyage & transport,P3,L3c,,,0,
easyjet,easyJet,easyjet.com,Voyage & transport,P3,L3c,,,0,